"i","pept_all.find...dipeptide..i..","res.estimate"
"rho",127,"QQ",0.606113195942006
"rho1",222,"KR",0.704872713087387
"rho2",235,"KP",0.62710228596803
"rho3",315,"SP",0.608859511786506
"rho4",316,"SS",0.639954066234769
"i","pept_all.find...dipeptide..i..","res.estimate"
"rho",6,"AE",0.731525022472364
"rho1",7,"AQ",0.604396029123856
"rho2",66,"DE",0.613347174347653
"rho3",71,"DL",0.684605766163342
"rho4",72,"DK",0.651518749424946
"rho5",101,"EA",0.702159369428617
"rho6",104,"ED",0.666588905493055
"rho7",106,"EE",0.771376129679902
"rho8",107,"EQ",0.600579107691298
"rho9",110,"EI",0.607704569429992
"rho10",111,"EL",0.829750946882527
"rho11",112,"EK",0.622115463428768
"rho12",120,"EV",0.683292423690326
"rho13",126,"QE",0.626577803416702
"rho14",131,"QL",0.643229191515504
"rho15",204,"LD",0.717893443020523
"rho16",206,"LE",0.779399752786266
"rho17",212,"LK",0.72372162873999
"rho18",224,"KD",0.614350597429297
"rho19",226,"KE",0.698515127928224
"rho20",227,"KQ",0.630647477517337
"rho21",231,"KL",0.702153532358057
"rho22",232,"KK",0.643845896875232
"rho23",240,"KV",0.624711254030355
"rho24",246,"ME",0.626679477177909
"rho25",306,"SE",0.669977389878068
"rho26",386,"VE",0.661663293554085
"i","pept_all.find...dipeptide..i..","res.estimate"
"rho",112,"EK",-0.665401923045791
"rho1",191,"IL",0.652835440531109
"rho2",194,"IF",0.66049426947474
"rho3",211,"LL",0.631846311717822
"rho4",214,"LF",0.603814254696308
"rho5",220,"LV",0.650233340602849
"rho6",222,"KR",-0.653598004034957
"rho7",226,"KE",-0.633524294725493
"rho8",271,"FL",0.67442926953353
"rho9",274,"FF",0.612546159649329
"i","pept_all.find...dipeptide..i..","res.estimate"
"rho",106,"EE",-0.618202175266545
"rho1",112,"EK",-0.628403001460207
"rho2",316,"SS",-0.605017153135036
"i","pept_all.find...dipeptide..i..","res.estimate"
"rho",66,"DE",-0.622083149862156
"rho1",96,"CS",-0.644170235390739
"rho2",98,"CW",-0.600975402754428
"rho3",105,"EC",-0.727655264415032
"rho4",106,"EE",-0.628304073727438
"rho5",116,"ES",-0.638956966686183
"rho6",135,"QP",-0.627351773002435
"rho7",295,"PP",-0.710479815704803
"rho8",296,"PS",-0.634213871656483
"rho9",299,"PY",-0.620563692328587
"rho10",303,"SN",-0.616820967139371
"rho11",304,"SD",-0.62328114221897
"rho12",306,"SE",-0.626616299144534
"rho13",307,"SQ",-0.629364233019669
"rho14",315,"SP",-0.629081219229987
"rho15",316,"SS",-0.732193573292108
"rho16",317,"ST",-0.603190530717452
"rho17",320,"SV",-0.602763158612719
"i","pept_all.find...dipeptide..i..","res.estimate"
"rho",211,"LL",0.61158445468193
